Username,Text,language,retweet_count,Time,location
hallo_fran,#manouchehrmehmanNavaz we see you! You are not alone ‚ù§Ô∏è‚ù§Ô∏è‚ù§Ô∏è‚ù§Ô∏è    #Mahsa_Amini   #MohsenShekari   #MajidrezaRahnavard   #HosseinMohammadi   #HosseinSaeedi   #hosseinronaghi   #NiloofarHamedi   #ElhamAfkari   #elznazRekabi  #FreeIran   #IranRevolution2022 https://t.co/XtVFwC4txJ,en,0,2022-12-22 16:17:58+00:00,Switzerland
hallo_fran,#ShoaibMirBalochZehiRigi   We see you ‚ù§Ô∏è‚ù§Ô∏è‚ù§Ô∏è    #ZanZendegiAzadi   #Mahsa_Amini   #SamanSeydi   #HosseinMohammadi   #hosseinronaghi   #NiloofarHamedi   #elnazRekabi  #IranRevoIution2022   #FreeIran https://t.co/zZzOsqMrRx,en,0,2022-12-22 11:31:49+00:00,Switzerland
angelicax778,"The Iranians are not only geniuses and experts in their own fields, but they're also ethical human beings. That's the reason why #HosseinRonaghi languished in prison. That's why #ArashSadeghi is risking his life for a free and democratic Iran. https://t.co/1LuKx6q2hE",en,6,2022-12-22 05:12:52+00:00,
SearchForAzadi,"Happy winter solstice   €åŸÑÿØÿß ŸÖÿ®ÿßÿ±⁄©  This time the longest night of the year is not tonight. The longest night of the year was the night students of the #sharifuniversity were surrounded by the security forces, the night #hosseinronaghi was brought to the Saman Hospital, https://t.co/WC3yatqiNQ",en,0,2022-12-21 18:07:59+00:00,
SKZstoriess,"The Iranians are not only geniuses and experts in their own fields, but they're also ethical human beings. That's the reason why #HosseinRonaghi languished in prison. That's why #ArashSadeghi is risking his life for a free and democratic Iran. https://t.co/1LuKx6q2hE",en,6,2022-12-21 17:35:09+00:00,
Mahan20412112,"The life of prominent Iranian dissident #HosseinRonaghi is in danger.His family asks for people to surround hospital that security forces took him to, to prevent further harm to him. He is thought to be in the surgery ward, surrounded by doctors/nurses loyal to regime.  @UN_HRC https://t.co/rjWRUROIzz https://t.co/PanuAvCUNj",en,4285,2022-12-21 17:02:33+00:00,
Mahan20412112,"Thank you @JakeSullivan46 for expressing U.S. concern over the welfare of #HosseinRonaghi in #Iran and warning the regime ""the eyes of the world are on Iran."" #MahsaAmini https://t.co/EJglZaNOhZ",en,2765,2022-12-21 17:02:32+00:00,
melimjk,For #MinaGhalandati who was kidnapped from her house  #ŸÖ€åŸÜÿß_ŸÇŸÑŸÜÿØÿ±€å   #MahsaAmini  #Sarina_Esmaeilzadeh  #HadisNajafi  #Nika_Shakarami  #ElahehMohammadi  #Niloufar_Hamedi  #HelenAhmadi  #MonaNaghib  #HananehKia  #HosseinRonaghi  #Armita_Abbasi  #HananeKia  #IranRevoIution  #OpIran  #Ÿæÿßÿ±ÿ≥ÿß_ÿ±ÿ∂ÿßÿØŸàÿ≥ÿ™ https://t.co/rNKWvKkBwP,en,1,2022-12-21 16:55:52+00:00,Earth
melimjk,For all awaiting moms who have no one. Let be their someone.    #MahsaAmini  #Sarina_Esmaeilzadeh  #HadisNajafi  #Nika_Shakarami  #ElahehMohammadi  #Niloufar_Hamedi  #HelenAhmadi  #MonaNaghib  #HananehKia  #HosseinRonaghi   #Armita_Abbasi  #HananeKia¬†   #ŸÖ€åŸÜÿß_ŸÇŸÑŸÜÿØÿ±€å  #MinaGhalandari  #OpIran https://t.co/XLg4ahi0ur,en,3,2022-12-21 16:55:48+00:00,Earth
baran7495,"The Iranians are not only geniuses and experts in their own fields, but they're also ethical human beings. That's the reason why #HosseinRonaghi languished in prison. That's why #ArashSadeghi is risking his life for a free and democratic Iran. https://t.co/1LuKx6q2hE",en,6,2022-12-21 11:38:43+00:00,
Con_E76,@TzviJoffre @m___aSh____a Thanks for sharing.   #StopExecutionInIran #MahsaAmini   #IranRevolution2022 @UN_HRC   #ElnazRekabi #OpIran #WomanLifeFreedoom #ToomajSalehi #HosseinRonaghi @volker_turk @CBC @CBCStephenQuinn @JustinTrudeau @GlobalBC @nationalpost @globeandmail #KhameneiChildKiller #KianPirfalak,en,0,2022-12-21 09:01:18+00:00,Canadia
Persianr0yalty,"Islamic Regime executed his son,#Navid_Afkari, imprisoned her sons, and now her daughter, #Elham_Afkari. Islamic regime is killing Iranian people. Help! Help!     #Painful  #Navid_Afkari   #ElhamAfkari  #Elham_Afkari  @HosseinRonaghi  #HosseinRonaghi https://t.co/KoqIvzTmDA",en,2,2022-12-21 04:35:43+00:00,Azadi Tower
shir_zhiyan,@HosseinRonaghi #SS35 please read the mentioned tweet which #hosseinronaghi has written himself about the process of his arrest. This is all against human rights and fair trial. #IranRevoIution,en,4,2022-12-21 00:53:47+00:00,
shi_n_k1,@HosseinRonaghi #SS35 please read the mentioned tweet which #hosseinronaghi has written himself about the process of his arrest. This is all against human rights and fair trial. #IranRevoIution,en,4,2022-12-21 00:33:10+00:00,
IranUprisings,@HosseinRonaghi #SS35 please read the mentioned tweet which #hosseinronaghi has written himself about the process of his arrest. This is all against human rights and fair trial. #IranRevoIution,en,4,2022-12-20 17:30:49+00:00,ÿ≠ŸÉŸàŸÖÿ™ ÿßÿ≥ŸÑÿßŸÖŸä ÿßÿ¥ÿ∫ÿßŸÑ⁄Øÿ± ÿ≥ÿßŸÇÿ∑
MichelleKalehz1,@chelseahartisme @crimsonboudoir Sick sick #StopExecutionInIran #MahsaAmini   #IranRevolution2022 @UN_HRC   #ElnazRekabi #OpIran #WomanLifeFreedoom #ToomajSalehi #HosseinRonaghi @volker_turk @CBC @CBCStephenQuinn @JustinTrudeau @GlobalBC @nationalpost @globeandmail #KhameneiChildKiller #KianPirfalak.,en,2,2022-12-20 17:29:55+00:00,"Los Altos, CA"
sahra02588710,"In #Christchurch tomorrow there will be an exhibition to raise awareness about Iran, to show solidarity with political prisoners and to echo the calls from inside Iran for regime change. Please support if you‚Äôre in town.  #hosseinronaghi   #ToomajSalehi   #SamanYasin https://t.co/E0rHAzd6qU",en,2,2022-12-20 15:49:55+00:00,
Nistaalesandro,@HosseinRonaghi #SS35 please read the mentioned tweet which #hosseinronaghi has written himself about the process of his arrest. This is all against human rights and fair trial. #IranRevoIution,en,4,2022-12-20 15:11:02+00:00,
seekweston,Where is America? @POTUS @VP @SecBlinken @DeputySecState @SenTedCruz @SenRickScott @ClooneyFDN @IsraeliPM @UNHumanRights #SayTheirNames #MashaAmini #nika_shakarami #aylarhaghi #KianPirfalak #ToomajSalehi #HosseinRonaghi #HamidrezaRouhi #MohammadMehdiKarami #FreeIran2022 https://t.co/A4NflVRiJc,en,0,2022-12-20 03:32:33+00:00,United States
Con_E76,World! Help! #StopExecutionInIran #MahsaAmini   #IranRevolution2022 @UN_HRC   #ElnazRekabi #OpIran #WomanLifeFreedoom #ToomajSalehi #HosseinRonaghi @volker_turk @CBC @CBCStephenQuinn @JustinTrudeau @GlobalBC @nationalpost @globeandmail #KhameneiChildKiller #KianPirfalak https://t.co/QUQwhbuOaK,en,0,2022-12-20 03:23:14+00:00,Canadia
Con_E76,@IranIntl_En Very Brave!  #StopExecutionInIran #MahsaAmini   #IranRevolution2022 @UN_HRC   #ElnazRekabi #OpIran #WomanLifeFreedoom #ToomajSalehi #HosseinRonaghi @volker_turk @CBC @CBCStephenQuinn @JustinTrudeau @GlobalBC @nationalpost @globeandmail #KhameneiChildKiller #KianPirfalak,en,0,2022-12-20 01:46:40+00:00,Canadia
Con_E76,@NazaninNour I said the same!  #StopExecutionInIran #MahsaAmini   #IranRevolution2022 @UN_HRC   #ElnazRekabi #OpIran #WomanLifeFreedoom #ToomajSalehi #HosseinRonaghi @volker_turk @CBC @CBCStephenQuinn @JustinTrudeau @GlobalBC @nationalpost @globeandmail #KhameneiChildKiller #KianPirfalak,en,0,2022-12-20 01:37:11+00:00,Canadia
woman_life_fre,"Whenever legislators .. reduce them [people] to slavery under arbitrary power, they put themselves into a state of war with the people. #JohnLocke  Day 1 of 3-days protest/strike in progress #IranRevolution  #HosseinRonaghi #MahsaAmini #ŸÖŸáÿ≥ÿß_ÿßŸÖ€åŸÜ€å",en,1,2022-12-19 20:03:00+00:00,
zan1366zendegi,"The Iranians are not only geniuses and experts in their own fields, but they're also ethical human beings. That's the reason why #HosseinRonaghi languished in prison. That's why #ArashSadeghi is risking his life for a free and democratic Iran. https://t.co/1LuKx6q2hE",en,6,2022-12-19 19:47:03+00:00,
woman_life_fre,"When dictatorship is a fact, revolution becomes a right. #VictorHugo  Day 1 of 3-days protest/strike in progress #IranRevolution  #HosseinRonaghi #MahsaAmini #ŸÖŸáÿ≥ÿß_ÿßŸÖ€åŸÜ€å",en,0,2022-12-19 19:35:58+00:00,
crimsonboudoir,@chelseahartisme @crimsonboudoir Sick sick #StopExecutionInIran #MahsaAmini   #IranRevolution2022 @UN_HRC   #ElnazRekabi #OpIran #WomanLifeFreedoom #ToomajSalehi #HosseinRonaghi @volker_turk @CBC @CBCStephenQuinn @JustinTrudeau @GlobalBC @nationalpost @globeandmail #KhameneiChildKiller #KianPirfalak.,en,2,2022-12-19 15:53:13+00:00,New York
Con_E76,@chelseahartisme @crimsonboudoir Sick sick #StopExecutionInIran #MahsaAmini   #IranRevolution2022 @UN_HRC   #ElnazRekabi #OpIran #WomanLifeFreedoom #ToomajSalehi #HosseinRonaghi @volker_turk @CBC @CBCStephenQuinn @JustinTrudeau @GlobalBC @nationalpost @globeandmail #KhameneiChildKiller #KianPirfalak.,en,2,2022-12-19 08:14:02+00:00,Canadia
EsmaeilyLayla,"December 17, 2022 - Federal Building   #MahsaAmini #NikaShakarami #HosseinRonaghi #FreeIran https://t.co/a0qai1NVCI",en,0,2022-12-19 05:05:54+00:00,
MansouriMaleki,"@HosseinRonaghi Dear Hosein,  Thank you üëçüèº     #MahsaAmini  #HosseinRonaghi",en,1,2022-12-19 00:20:14+00:00,ŸÑŸÜÿØŸÜ
Con_E76,@shakira Thank you Shakira!  #StopExecutionInIran #MahsaAmini   #IranRevolution2022 @UN_HRC   #ElnazRekabi #OpIran #WomanLifeFreedoom #ToomajSalehi #HosseinRonaghi @volker_turk @CBC @CBCStephenQuinn @JustinTrudeau @GlobalBC @nationalpost @globeandmail #KhameneiChildKiller #KianPirfalak,en,0,2022-12-18 18:07:11+00:00,Canadia
Con_E76,@AlirezaAkhondi Indeed.#StopExecutionInIran #MahsaAmini   #IranRevolution2022 @UN_HRC   #ElnazRekabi #OpIran #WomanLifeFreedoom #ToomajSalehi #HosseinRonaghi @volker_turk @CBC @CBCStephenQuinn @JustinTrudeau @GlobalBC @nationalpost @globeandmail #KhameneiChildKiller #KianPirfalak,en,0,2022-12-18 18:02:41+00:00,Canadia
Con_E76,@jes_chastain Thank you Jessica!  #StopExecutionInIran #MahsaAmini   #IranRevolution2022 @UN_HRC   #ElnazRekabi #OpIran #WomanLifeFreedoom #ToomajSalehi #HosseinRonaghi @volker_turk @CBC @CBCStephenQuinn @JustinTrudeau @GlobalBC @nationalpost @globeandmail #KhameneiChildKiller #KianPirfalak,en,0,2022-12-18 17:36:12+00:00,Canadia
Con_E76,@JasonMBrodsky Let's gooooo!!!!#StopExecutionInIran #MahsaAmini   #IranRevolution2022 @UN_HRC   #ElnazRekabi #OpIran #WomanLifeFreedoom #ToomajSalehi #HosseinRonaghi @volker_turk @CBC @CBCStephenQuinn @JustinTrudeau @GlobalBC @nationalpost @globeandmail #KhameneiChildKiller #KianPirfalak,en,0,2022-12-18 17:19:03+00:00,Canadia
thevmir,"Seriously Kazem Gharibabadi, IR Secretary of Council for Human Rights!! is in NY on an @UN visit while @HassanRonaghi and his parents are running around Tehran asking where #HosseinRonaghi is?!! üëÄ    @UN MUST STOP ALL MEETINGS WITH IR OFFICIALS NOW DEMANDING ANSWERS!    #MahsaAmini https://t.co/lwbQG7Rw74",en,5915,2022-12-18 08:20:08+00:00,
DreamRoya12,Check out user6323490552248's video! #TikTok https://t.co/zsuMXg9Ze0 #POTUS #FreeIran #HosseinRonaghi #StopExecutionsInIran  #OpIran #NikaShakeami #Unicef #ToomajSalehi #NiloofarHamedi #IranRevolution2022,en,0,2022-12-18 04:03:15+00:00,"Santa Cruz, CA"
Brill_Rmz,@HosseinRonaghi We'll always support #HosseinRonaghi. #ÿ≠ÿ≥ŸäŸÜ_ÿ±ŸàŸÜŸÇ€å,en,0,2022-12-17 20:06:48+00:00,
f63691428,@1500tasvir_en Great post.#StopExecutionInIran #MahsaAmini   #IranRevolution2022 @UN_HRC   #ElnazRekabi #OpIran #WomanLifeFreedoom #ToomajSalehi #HosseinRonaghi @volker_turk @CBC @CBCStephenQuinn @JustinTrudeau @GlobalBC @nationalpost @globeandmail #KhameneiChildKiller #KianPirfalak,en,1,2022-12-17 19:34:23+00:00,
Anousha11mehr,"In #Christchurch tomorrow there will be an exhibition to raise awareness about Iran, to show solidarity with political prisoners and to echo the calls from inside Iran for regime change. Please support if you‚Äôre in town.  #hosseinronaghi   #ToomajSalehi   #SamanYasin https://t.co/E0rHAzd6qU",en,2,2022-12-17 19:31:19+00:00,
Anousha11mehr,"The Iranians are not only geniuses and experts in their own fields, but they're also ethical human beings. That's the reason why #HosseinRonaghi languished in prison. That's why #ArashSadeghi is risking his life for a free and democratic Iran. https://t.co/1LuKx6q2hE",en,6,2022-12-17 19:30:45+00:00,
Anousha11mehr,You will NOT break us!!  #IranRevoIution2022   #HosseinRonaghi https://t.co/whJdvVZAr9,en,802,2022-12-17 19:30:09+00:00,
Con_E76,@1500tasvir_en Great post.#StopExecutionInIran #MahsaAmini   #IranRevolution2022 @UN_HRC   #ElnazRekabi #OpIran #WomanLifeFreedoom #ToomajSalehi #HosseinRonaghi @volker_turk @CBC @CBCStephenQuinn @JustinTrudeau @GlobalBC @nationalpost @globeandmail #KhameneiChildKiller #KianPirfalak,en,1,2022-12-17 18:45:17+00:00,Canadia
Con_E76,@IranIntl_En @hra_news @melaniejoly help!#StopExecutionInIran #MahsaAmini   #IranRevolution2022 @UN_HRC   #ElnazRekabi #OpIran #WomanLifeFreedoom #ToomajSalehi #HosseinRonaghi @volker_turk @CBC @CBCStephenQuinn @JustinTrudeau @GlobalBC @nationalpost @globeandmail #KhameneiChildKiller #KianPirfalak,en,0,2022-12-17 18:44:16+00:00,Canadia
giveh,@mypersia1 Shame on you.  #MahsaAmini #hosseinronaghi,en,0,2022-12-17 17:16:39+00:00,
MinuD19,Brilliant lady ‚ù§Ô∏è‚ù§Ô∏è‚ù§Ô∏è‚ù§Ô∏è    #FreeToomajSalehi  #mahsaamiÃániÃá #OpIran‚Äå #IranRevolution2022 #IranProtests2022 #ÿ≥Ÿæ€åÿØŸá_ŸÇŸÑ€åÿßŸÜ #ÿ≠ÿ≥ŸäŸÜ_ÿ±ŸàŸÜŸÇ€å #HosseinRonaghi https://t.co/Dtfl5L0Ait,en,0,2022-12-17 12:30:54+00:00,
AlizadehYass,Imagine living in the Islamic Republic of #Iran knowing that out there in America people with Persian names who look like you r whitewashing the horrors of your daily life 1 #CrimeAgainstHumanity at a time! Have they apologized yet? #HosseinRonaghi #IRGC #MahsaAmini #HorrorMovies https://t.co/u6iZjighpI,en,0,2022-12-17 11:55:35+00:00,
NeelamAmbigai,"The Iranians are not only geniuses and experts in their own fields, but they're also ethical human beings. That's the reason why #HosseinRonaghi languished in prison. That's why #ArashSadeghi is risking his life for a free and democratic Iran. https://t.co/1LuKx6q2hE",en,6,2022-12-17 10:18:08+00:00,
seekweston,Seriously who cares about Twitter/CNN when people are being tortured and murdered in Iran #SayTheirNames #ToomajSalehi #AYLAR_HAGHI #KianPirfalak #MashaAmini #HosseinRonaghi #HamidrezaRouhi #AidaRostami #MohamadBroghani #Majidreza_Rahnavard #FreeIranüíöü§ç‚ù§Ô∏è https://t.co/zdOdnfXjJJ,en,0,2022-12-17 03:58:33+00:00,United States
seekweston,Thank God for Israel‚Äôs Mossad special forces! Why aren‚Äôt we doing more @POTUS @VP @SecBlinken @DeputySecState @MichelleSteelCA @SenRickScott @SenTedCruz #SayTheirNames #MashaAmini #KianPirfalak #nika_shakarami #ToomajSalehi #HosseinRonaghi #Aylar_haghi #HamidrezaRouhi #FreeIran https://t.co/lFdyerZM60,en,0,2022-12-17 03:51:50+00:00,United States
Shab_d,"In #Christchurch tomorrow there will be an exhibition to raise awareness about Iran, to show solidarity with political prisoners and to echo the calls from inside Iran for regime change. Please support if you‚Äôre in town.  #hosseinronaghi   #ToomajSalehi   #SamanYasin https://t.co/E0rHAzd6qU",en,2,2022-12-17 00:40:23+00:00,"Christchurch City, New Zealand"
ZZA2023,So glad u r back so we can continue to fight back ‚úåüèº‚úåüèº#HosseinRonaghi #MahsaAmini #NIACLobbies4mullahs #NIACLobbies4Mullas https://t.co/mgY6otivOU,en,0,2022-12-16 18:11:22+00:00,
realdariusla,"""This is neither forgivable nor forgettable.""  #IranRevoIution   #HosseinRonaghi https://t.co/XaxqrJW2K4",en,1,2022-12-16 15:19:22+00:00,
ironnationn,"Hear the facts of whats happening in Iran from us ,from those that have been tortured tremendously by the IR Regime for years and years   Use us as your resource not the ones that receive salary to normalise their savageries.   #HosseinRonaghi   #MahsaAmini   #IranRevoIution https://t.co/CWDZ0WLH1I",en,1,2022-12-16 14:21:47+00:00,
lantern988,@HosseinRonaghi #HosseinRonaghi is the voice of the people of Iran.  We neither forgive nor forget.,en,0,2022-12-16 14:00:05+00:00,
Dokhtareirani33,1. Who said the terrorist‚Äôs propagandists are Iran scholars!! We have lots of Iran scholars fighting for free Iran 2. Those who cannot/do not want to understand what #HosseinRonaghi means are too naive/terrorist-supporter #MahsaAmini https://t.co/npe1X6f64R,en,0,2022-12-16 07:11:22+00:00,Earth
pariaaa21390,You will NOT break us!!  #IranRevoIution2022   #HosseinRonaghi https://t.co/whJdvVZAr9,en,802,2022-12-16 03:55:47+00:00,"Brantford, Ontario"
Irvin00139427,"@dylanotes You have to ask truth from person who most of iranian support them.   #HosseinRonaghi is one of those people, NOT people on this list.  Please hear our voices not NIAC or anyone who related to the Goverment..",en,0,2022-12-16 03:08:05+00:00,Iran
babako,@NIACouncil @NIACouncil shame on you for selling your country and your people! Your lies and greed are now evident to the world- you were never credible and now you are no longer viable. Our heroes and leaders like #HosseinRonaghi are the true voice of Iran and Iranians. @babako @Tysonofiran,en,1,2022-12-15 22:01:33+00:00,
Con_E76,@JasonMBrodsky They don't deserve the health they've enjoyed to now.  #StopExecutionInIran #MahsaAmini   #IranRevolution2022 @UN_HRC   #ElnazRekabi #OpIran #WomanLifeFreedoom #ToomajSalehi #HosseinRonaghi @volker_turk @CBC @CBCStephenQuinn @JustinTrudeau @GlobalBC @nationalpost @globeandmail,en,0,2022-12-15 16:49:08+00:00,Canadia
EboshiJasmine,@BRougeB @HosseinRonaghi Who the hell do you think you are to make a criticism of a true hero like #HosseinRonaghi????  Just  move on and do at least one constructive action: leave twitter for good.,en,0,2022-12-15 16:06:59+00:00,Paris
AlizadehYass,Do you see the colorful facade of this black hole of injustice? The prettiest blue sky painted on the walls to blind you to the horror stories happening inside? That is exactly what #HosseinRonaghi has been warning you about. #NavidAfkari #MahsaAmini https://t.co/4wVWoaKw0e,en,0,2022-12-15 14:49:00+00:00,
Simba30102018,@NIACouncil @NIACouncil shame on you for selling your country and your people! Your lies and greed are now evident to the world- you were never credible and now you are no longer viable. Our heroes and leaders like #HosseinRonaghi are the true voice of Iran and Iranians. @babako @Tysonofiran,en,1,2022-12-15 14:43:23+00:00,
AlizadehYass,Just a reminder that the struggle against the regime started in the early days of 1979! Undermining the strife until 09/16/22 and jumping on the bus to victory now does not erase history! This is a revolution against amnesia! #HosseinRonaghi #MahsaAmini #IRGCterrorists https://t.co/P8AwBZmgcR,en,1,2022-12-15 13:13:04+00:00,
Joudi_fl,@ShahedGhoreishi shut up liars . Shame on NIAC.   #MahsaAmini   #HosseinRonaghi,en,0,2022-12-15 11:54:54+00:00,
Banolet3,@HosseinRonaghi @NIACouncil @tparsi @hodarostami We support #HosseinRonaghi all the way. NIAC you've passed your prime. Bye.,en,0,2022-12-15 11:27:37+00:00,
DrSam00000,@Lghara93 Hossein ronaghi did a great job exposing fake journalists under Islamic Republic payroll betraying Iranian. They are stepping on Iranian blood and thanks to #HosseinRonaghi for being so smart. #MahsaAmini  #IranRevolution  #MohsenShekari,en,0,2022-12-15 10:13:32+00:00,ÿ™Ÿáÿ±ÿßŸÜ
nayebsadegh,Only an idiot would think the followers &amp; likes of the so-called Iranian opposition are REAL. #HosseinRonaghi &amp; his right wing ideological cohorts are nothing but fake CIA+Saudi-propped up crooks &amp; shysters. #Iran #disinformation #clickfarms https://t.co/prL8zpkRUF https://t.co/P9asCoqOb5,en,0,2022-12-15 09:39:30+00:00,
nayebsadegh,Only an idiot would think the followers &amp; likes of the so-called Iranian opposition are REAL. #HosseinRonaghi &amp; his right wing ideological cohorts are nothing but fake CIA+Saudi-propped up crooks &amp; shysters. https://t.co/prL8zpkk57 https://t.co/bllA4iQeJE,en,0,2022-12-15 09:38:25+00:00,
nayebsadegh,Only an idiot would think the followers &amp; likes of the so-called Iranian opposition are REAL. #HosseinRonaghi &amp; his right wing ideological cohorts are nothing by fake CIA-propped up crooks &amp; shysters. https://t.co/prL8zp2IGx https://t.co/FczOn4P7c3,en,0,2022-12-15 09:37:39+00:00,
dammatoosa,@HosseinRonaghi We have to solve the problem from the bottom up.  NIAC is not our voice üëäüèª   #HosseinRonaghi   #ToomajSalehi,en,0,2022-12-15 09:35:31+00:00,
bluelikesun,@jabdi @NIACouncil You are a murder of the Islamic Republic Iran! That‚Äôs fact! Shame on you!!! #freeiran #HosseinRonaghi #mahsaamini,en,0,2022-12-15 09:07:05+00:00,
lillydevally,@langloisajl @marcowenjones Who are you? Who the hell are you that you feel you can talk about #HosseinRonaghi like this?! You have never been in jail one day or even one hour for people of Iran‚Ä¶ so respect yourself and keep tour opinions for yourself‚Ä¶,en,0,2022-12-15 08:22:11+00:00,
solysolz,@langloisajl @marcowenjones Did you just call #hosseinronaghi a bad faith actor? Lol. Everything you say after that is completely invalid. Be gone please. No one is asking for a dumb white guy savior.,en,2,2022-12-15 07:25:57+00:00,Silicon Valley 
khaharenegar,#kymyatehrani ask @UNICEF_IRAN @UNICEF; why you are silent? #Kian_Pirfalak #⁄©€åÿßŸÜ_Ÿæ€åÿ±ŸÅŸÑ⁄©    #IranRevoIution2022 #OpIran #MahsaAmini #Saman_Yassin #ToomajSalehi #HosseinRonaghi https://t.co/OoAcSeWNsh,en,4,2022-12-15 07:03:02+00:00,
NimaMorshed,"@yarbatman Perhaps you ought to publicly denounce the Islamic Republic as murderers and not Iranian. You denounce 43 years of tyranny and publicly state your wish to remove the Islamic Republic. As it stands, Mr. Ronaghi has credibility, you do not. #HosseinRonaghi",en,0,2022-12-15 05:23:28+00:00,right side of history
M3Raanaa,@tparsi Hey daily dose if tweets for you and @marcowenjones #MahsaAmini #hossein_broghani #hosseinronaghi #IranRevoIution #WomenLifeFreedom,en,0,2022-12-15 04:51:46+00:00,
vrtuallyme,"this look exactly like that video of #HosseinRonaghi, none of these ‚Äúgovernments‚Äù actually care about their people. they just want power &amp; it‚Äôs horrifying https://t.co/bHvDOm8wrl",en,0,2022-12-15 04:37:58+00:00,üìçnaarm / melb
royamferei,@langloisajl @marcowenjones Did you just call #hosseinronaghi a bad faith actor? Lol. Everything you say after that is completely invalid. Be gone please. No one is asking for a dumb white guy savior.,en,2,2022-12-15 04:37:06+00:00,
fight4rights84,@NIACouncil #MajidTavakoli end #HosseinRonaghi are currently detained in #EvinPrison and always viewed NIAC as the regime‚Äôs propaganda in the US. https://t.co/DhVIi46wue https://t.co/v4x3G9wfu2,en,22,2022-12-15 04:00:30+00:00,Tehran
FreeIranPeople1,"@raminGN @marcowenjones If you put that picture as your profile and call #HosseinRonaghi speaking out under drug influence, your #ŸÇÿßÿ≥ŸÖ_⁄Ü⁄© is likely positive. #IranLobby",en,0,2022-12-15 03:50:21+00:00,
NAghvami,U know nothing about this terrorist regime and their followers in Iran.   I suggest you shut your f@&amp;#% mouth!U r in no position to talk about #HosseinRonaghi or for that matter about any freedom fighters in Iran or around the world!  #MahsaAmini  #IranRevoIution https://t.co/Fm9Him397Y,en,0,2022-12-15 03:49:10+00:00,"Los Angeles, CA"
RoxieKhos,@NIACouncil Shut up! You are the arm of the murderous IR in US. NIAC is not the Iranian people representative. NIAC represents the murderous regime. DON'T even repeat #HosseinRonaghi 's name in your filthy mind.  #IranRevolution2022,en,0,2022-12-15 03:45:04+00:00,
siavashjafarii,"This tweet from #HosseinRonaghi is beyond bizarre!    I am starting to believe that this account is managed by the hardline/IRGC intelligence affiliates to discredit and cancel moderate and pro-diplomacy voices in the West!    And as usual, they are unprofessional and super shallow! https://t.co/ytXpejPNTr",en,1,2022-12-15 03:19:25+00:00,"Vancouver, British Columbia"
FreeIranPeople1,@yarbatman Stop threatening #HosseinRonaghi for including you in the list. Anyone who lives in the US knows that USA does not perform like your beloved IR regime. They are plenty of evidences for what he says and we all gladly stand as witnesses #IranLobby,en,0,2022-12-15 02:53:20+00:00,
fafar3456,"Thanks @JakeSullivan46 for stating the U.S. concern over mass arrests and death sentences of protesters in #Iran &amp; also the welfare of our activist #HosseinRonaghi.  Please put sanctions on the 227 Iran Parliment members who advocate death sentences for 14,000 arrested protesters. https://t.co/HvsK3SioR6",en,462,2022-12-15 02:20:19+00:00,
Hoopoe777,@IOPHRpress @NazaninBoniadi @NazaninAJ @drninaansary @AlirezaNader @UN @UNHumanRights @Europarl_EN @UKParliament @Omid_M @EUCouncil UN Help! #StopExecutionInIran #MahsaAmini   #IranRevolution2022 @UN_HRC   #ElnazRekabi #OpIran #WomanLifeFreedoom #ToomajSalehi #HosseinRonaghi @volker_turk @CBC @CBCStephenQuinn @JustinTrudeau @GlobalBC @nationalpost @globeandmail #KhameneiChildKiller #KianPirfalak,en,4,2022-12-15 01:57:55+00:00,
arashtavak,"All of these people tagged by #HosseinRonaghi are replying to him left and right, meanwhile nobody can reply to their tweets. Almost all of em have their comment section closed. what a simulation we are living in üòÇ#MahsaAmini https://t.co/WmhDPY6AWX",en,1,2022-12-15 00:26:44+00:00,"Charlottesville, VA"
siavashjafarii,"This tweet from #HosseinRonaghi is beyond bizarre!    I am starting to believe that this account is managed by the hardline/IRGC intelligence affiliates to discredit and cancel moderate and pro-diplomacy voices in the West!    And as usual, they are unprofessional and super shallow! https://t.co/ytXpejPNTr",en,1,2022-12-14 23:39:18+00:00,"Vancouver, British Columbia"
Neekiiiiiii,@M3Raanaa @kshahrooz @marcowenjones @NIACouncil @HosseinRonaghi @NazaninNour @barbaraslavin1 Just to make him cry more I have couple more hashtags #HosseinRonaghi #MohsenShekari #MahsaAmini #MehdiKarami,en,0,2022-12-14 20:44:49+00:00,HomeSweetHome
mobinanahao2,@iranhrs99 #ToomajSalehi #MajidrezaRahnavard #MajidTavakoli #SamanYasin #MohammadBroghani #MostafaNili #HosseinRonaghi #FatemehSepehri #MohsenShekari #MohammadGhobadlou      #MohmmadRakhshani          Attention to Islamic regime of Iran  You have no right to execute   inncent revolutionary https://t.co/SmEohP0qWi,en,1,2022-12-14 20:05:00+00:00,
___Sepid___,Take your hands off of our throats‚úäüèª  #MahsaAmini  #HosseinRonaghi  #IranRevolution2022 https://t.co/hmvKjG9J3F,en,0,2022-12-14 19:49:45+00:00,"Bay Area, CA "
ZanZendegi_Azad,#kymyatehrani ask @UNICEF_IRAN @UNICEF; why you are silent? #Kian_Pirfalak #⁄©€åÿßŸÜ_Ÿæ€åÿ±ŸÅŸÑ⁄©    #IranRevoIution2022 #OpIran #MahsaAmini #Saman_Yassin #ToomajSalehi #HosseinRonaghi https://t.co/OoAcSeWNsh,en,4,2022-12-14 19:48:35+00:00,
Yksel73667903,@IOPHRpress @NazaninBoniadi @NazaninAJ @drninaansary @AlirezaNader @UN @UNHumanRights @Europarl_EN @UKParliament @Omid_M @EUCouncil UN Help! #StopExecutionInIran #MahsaAmini   #IranRevolution2022 @UN_HRC   #ElnazRekabi #OpIran #WomanLifeFreedoom #ToomajSalehi #HosseinRonaghi @volker_turk @CBC @CBCStephenQuinn @JustinTrudeau @GlobalBC @nationalpost @globeandmail #KhameneiChildKiller #KianPirfalak,en,4,2022-12-14 17:50:17+00:00,Schweiz
Con_E76,@JasonMBrodsky @UN_CSW It is bullshit.   #StopExecutionInIran #MahsaAmini   #IranRevolution2022 @UN_HRC   #ElnazRekabi #OpIran #WomanLifeFreedoom #ToomajSalehi #HosseinRonaghi @volker_turk @CBC @CBCStephenQuinn @JustinTrudeau @GlobalBC @nationalpost @globeandmail #KhameneiChildKiller #KianPirfalak,en,0,2022-12-14 16:11:10+00:00,Canadia
sepi___deh,"@fatemeh_mah7 @UN_CSW #NikaShakarami #sarinaesmailzadeh #kianpirfalak #Armita_Abbasi #HosseinRonaghi #ToomajSalehi #MahsaAmini Freedom for you Regime paid supporters is, that you live a free life with the bloody money that you have stolen from the people, while torturing, raping and murdering children https://t.co/RtcLrV5C6Y",en,0,2022-12-14 14:43:04+00:00,
sepi___deh,"@yektabahadori78 @UN_CSW #NikaShakarami #sarinaesmailzadeh #kianpirfalak #Armita_Abbasi #HosseinRonaghi #ToomajSalehi #MahsaAmini Freedom for you Regime paid supporters is, that you live a free life with the bloody money that you have stolen from the people, while torturing, raping and murdering children",en,0,2022-12-14 14:42:19+00:00,
sepi___deh,"@Effati_Saeede @UN_CSW #NikaShakarami #sarinaesmailzadeh #kianpirfalak #Armita_Abbasi #HosseinRonaghi #ToomajSalehi #MahsaAmini Freedom for you Regime paid supporters is, that you live a free life with the bloody money that you have stolen from the people, while torturing, raping and murdering children https://t.co/BKfBibqgMl",en,0,2022-12-14 14:41:54+00:00,
sepi___deh,@UN_CSW Ban Iran already! They should have never had the chance to get a seat at the table to begin with! #IranRevoIution #NikaShakarami #sarinaesmailzadeh #kianpirfalak #Armita_Abbasi #HosseinRonaghi #ToomajSalehi #MahsaAmini https://t.co/0b14QO09tQ,en,0,2022-12-14 14:38:29+00:00,
soofidargah,You will NOT break us!!  #IranRevoIution2022   #HosseinRonaghi https://t.co/whJdvVZAr9,en,802,2022-12-14 12:00:56+00:00,
PaoloBersani9,You will NOT break us!!  #IranRevoIution2022   #HosseinRonaghi https://t.co/whJdvVZAr9,en,802,2022-12-14 11:28:04+00:00,
MinuD19,"@AzadehRojhan Expell all the ""Iranian"" diplomats and shut their embassies.    #FreeToomajSalehi  #mahsaamiÃániÃá #OpIran‚Äå #IranRevolution2022 #IranProtests2022 #ÿ≥Ÿæ€åÿØŸá_ŸÇŸÑ€åÿßŸÜ #ÿ≠ÿ≥ŸäŸÜ_ÿ±ŸàŸÜŸÇ€å #HosseinRonaghi",en,0,2022-12-14 11:20:33+00:00,
LionHeartChick,"@neTWjl7F8PESx2N ÿÆÿß⁄© ÿ®ÿ± ÿ≥ÿ± ŸÖÿß! ÿß€åŸÜŸáŸÖŸá ÿ™ŸáÿØ€åÿØ Ÿà ÿ™ŸàŸá€åŸÜ    This is what #HosseinRonaghi wrote about our King coming back to Iran. He insulted the King and monarchists a few times in 1st tweet, then threatens us with ""divine and public punishment""! #wtf #ŸÖŸáÿ≥ÿß_ÿßŸÖ€åŸÜ€å",en,1,2022-12-14 10:50:29+00:00,Iran
DavidAstbury19,@IOPHRpress @NazaninBoniadi @NazaninAJ @drninaansary @AlirezaNader @UN @UNHumanRights @Europarl_EN @UKParliament @Omid_M @EUCouncil UN Help! #StopExecutionInIran #MahsaAmini   #IranRevolution2022 @UN_HRC   #ElnazRekabi #OpIran #WomanLifeFreedoom #ToomajSalehi #HosseinRonaghi @volker_turk @CBC @CBCStephenQuinn @JustinTrudeau @GlobalBC @nationalpost @globeandmail #KhameneiChildKiller #KianPirfalak,en,4,2022-12-14 10:21:27+00:00,
kianomadi,@IOPHRpress @NazaninBoniadi @NazaninAJ @drninaansary @AlirezaNader @UN @UNHumanRights @Europarl_EN @UKParliament @Omid_M @EUCouncil UN Help! #StopExecutionInIran #MahsaAmini   #IranRevolution2022 @UN_HRC   #ElnazRekabi #OpIran #WomanLifeFreedoom #ToomajSalehi #HosseinRonaghi @volker_turk @CBC @CBCStephenQuinn @JustinTrudeau @GlobalBC @nationalpost @globeandmail #KhameneiChildKiller #KianPirfalak,en,4,2022-12-14 09:36:26+00:00,
mastane72735205,"@Action4IR @JakeSullivan46 Thank JakeSullivan for stating the U.S. concern over mass arrest, death sentences &amp; welfare of #HosseinRonaghi. Ask him to put sanctions on the 227 Iran Parliment members (Link). Retweet the above.     Action For Iran  Group | Channel | Twitter | Instagram | Facebook",en,2,2022-12-14 09:30:30+00:00,United States
mastane72735205,"@Action4IR @JakeSullivan46 Thank JakeSullivan for stating the U.S. concern over mass arrest, death sentences &amp; welfare of #HosseinRonaghi. Ask him to put sanctions on the 227 Iran Parliment members (Link). Retweet the above.",en,18,2022-12-14 09:30:21+00:00,United States
mastane72735205,"@Action4IR @JakeSullivan46 Thanks @JakeSullivan46 for stating the U.S. concern over mass arrests and death sentences of protesters in #Iran &amp; also the welfare of our activist #HosseinRonaghi.  Please put sanctions on the 227 Iran Parliment members who advocate death sentences for 14,000 arrested protesters.",en,4,2022-12-14 09:30:18+00:00,United States
mastane72735205,"@Action4IR @JakeSullivan46 Thank JakeSullivan for stating the U.S. concern over mass arrest, death sentences &amp; welfare of #HosseinRonaghi. Ask him to put sanctions on the 227 Iran Parliment members (Link). Retweet the above",en,7,2022-12-14 09:20:40+00:00,United States
mastane72735205,"@Action4IR @JakeSullivan46 Thanks @JakeSullivan46 for stating the U.S. concern over mass arrests and death sentences of protesters in #Iran &amp; also the welfare of our activist #HosseinRonaghi.  Please put sanctions on the 227 Iran Parliment members who advocate death sentences for 14,000 arrested protesters.",en,9,2022-12-14 09:20:20+00:00,United States
Con_E76,@ksadjadpour Brave!#StopExecutionInIran #MahsaAmini   #IranRevolution2022 @UN_HRC   #ElnazRekabi #OpIran #WomanLifeFreedoom #ToomajSalehi #HosseinRonaghi @volker_turk @CBC @CBCStephenQuinn @JustinTrudeau @GlobalBC @nationalpost @globeandmail #KhameneiChildKiller #KianPirfalak,en,0,2022-12-14 08:38:31+00:00,Canadia
Con_E76,@IOPHRpress @NazaninBoniadi @NazaninAJ @drninaansary @AlirezaNader @UN @UNHumanRights @Europarl_EN @UKParliament @Omid_M @EUCouncil UN Help! #StopExecutionInIran #MahsaAmini   #IranRevolution2022 @UN_HRC   #ElnazRekabi #OpIran #WomanLifeFreedoom #ToomajSalehi #HosseinRonaghi @volker_turk @CBC @CBCStephenQuinn @JustinTrudeau @GlobalBC @nationalpost @globeandmail #KhameneiChildKiller #KianPirfalak,en,4,2022-12-14 06:16:57+00:00,Canadia
Con_E76,@Rez_AmongUs @khamenei_ir @UN @UNHumanRights IN HELP!#StopExecutionInIran #MahsaAmini   #IranRevolution2022 @UN_HRC   #ElnazRekabi #OpIran #WomanLifeFreedoom #ToomajSalehi #HosseinRonaghi @volker_turk @CBC @CBCStephenQuinn @JustinTrudeau @GlobalBC @nationalpost @globeandmail #KhameneiChildKiller #KianPirfalak,en,0,2022-12-14 06:16:26+00:00,Canadia
Con_E76,@Rez_AmongUs @billmaher @bariweiss @TheFP Exactly.#StopExecutionInIran #MahsaAmini   #IranRevolution2022 @UN_HRC   #ElnazRekabi #OpIran #WomanLifeFreedoom #ToomajSalehi #HosseinRonaghi @volker_turk @CBC @CBCStephenQuinn @JustinTrudeau @GlobalBC @nationalpost @globeandmail #KhameneiChildKiller #KianPirfalak,en,0,2022-12-14 06:13:12+00:00,Canadia
Con_E76,@NazaninNour Terrifying World Help #StopExecutionInIran #MahsaAmini   #IranRevolution2022 @UN_HRC   #ElnazRekabi #OpIran #WomanLifeFreedoom #ToomajSalehi #HosseinRonaghi @volker_turk @CBC @CBCStephenQuinn @JustinTrudeau @GlobalBC @nationalpost @globeandmail #KhameneiChildKiller #KianPirfalak,en,0,2022-12-14 06:07:45+00:00,Canadia
M3Raanaa,@M3Raanaa @tparsi Couple more: #HosseinRonaghi #MohsenShekari,en,1,2022-12-14 04:51:11+00:00,
Neekiiiiiii,@M3Raanaa @tparsi Couple more: #HosseinRonaghi #MohsenShekari,en,1,2022-12-14 04:50:24+00:00,HomeSweetHome
w_freedom4iran,Be United! These are strong Iranian Opposition &amp; they‚Äôre the voice of Iranian citizens. Reza Pahlavi supports a democratic government and he does not want to be a king. #RezaPahlavi #MasihAlinejad #AliKarimi #NazaninBonadi #HamedEsmaeilion #AliDai #HosseinRonaghi https://t.co/kYkTZlIVA8,en,1,2022-12-13 22:40:40+00:00,
w_freedom4iran,Be United! These are strong Iranian Opposition &amp; they‚Äôre the voice of Iranian citizens. Reza Pahlavi supports a democratic government and he does not want to be a king. #RezaPahlavi #MasihAlinejad #AliKarimi #NazaninBonadi #HamedEsmaeilion #AliDai #HosseinRonaghi https://t.co/kYkTZlIVA8,en,1,2022-12-13 22:40:30+00:00,
solitazoro,"#HosseinRonaghi, a renowned Iranian activist, has been hospitalized due to torture. While ordinary Iranians have surrounded the hospital to support him, the regime is busy shooting at them. This is how scared the regime is of people. Iranian people aren‚Äôt scared. https://t.co/6Y6RnJ7eB8",en,1197,2022-12-13 20:37:16+00:00,
Daniela48054679,".#HosseinRonaghi‚Äôs parents sit 24/7 outside the walls of #Evin prison waiting for news about their son, arrested over a month ago, held in solitary, legs broken, on hunger strike.  Be his voice. Be their voices. Pls.  üì∏ via @AlinejadMasih   #MahsaAmini #IranRevolution   #ŸÖŸáÿ≥ÿß_ÿßŸÖ€åŸÜ€å https://t.co/WcBx5CaXzd",en,165,2022-12-13 18:41:26+00:00,
ikeop2,"Thank you @JakeSullivan46 for expressing U.S. concern over the welfare of #HosseinRonaghi in #Iran and warning the regime ""the eyes of the world are on Iran."" #MahsaAmini https://t.co/EJglZaNOhZ",en,2765,2022-12-13 17:11:22+00:00,"karaj, IRAN"
Con_E76,@omid9 It doesn't end?#StopExecutionInIran #MahsaAmini   #IranRevolution2022 @UN_HRC   #ElnazRekabi #OpIran #WomanLifeFreedoom #ToomajSalehi #HosseinRonaghi @volker_turk @CBC @CBCStephenQuinn @JustinTrudeau @GlobalBC @nationalpost @globeandmail #KhameneiChildKiller #KianPirfalak,en,0,2022-12-13 16:46:15+00:00,Canadia
nasoleymani,Free #HosseinRonaghi from Islamic Republic prison,en,0,2022-12-13 16:34:40+00:00,London
